<?xml version="1.0" encoding="UTF-8"?>
<!DOCTYPE agenda [
    <!ELEMENT agenda (contacto*)> 
    <!ELEMENT contacto (nombre, telefonofijo*, telefonoMovil+)> 
    <!ELEMENT nombre (#PCDATA)> 
    <!ELEMENT telefonofijo (#PCDATA)> 
    <!ELEMENT telefonoMovil (#PCDATA)>
]>
<agenda>
    <contacto>
        <nombre>Ayuntamiento</nombre>
        <telefonofijo>010</telefonofijo>
        <telefonoMovil>No disponible</telefonoMovil>
    </contacto>
    <contacto>
        <nombre>Emergencias</nombre>
        <telefonofijo>112 (Unión Europea)</telefonofijo>
        <telefonoMovil>Desconocido</telefonoMovil>
        <telefonofijo>911 (Estados Unidos)</telefonofijo>
    </contacto>
</agenda>